"alpha_lambda_b","beta_lambda_b","alpha_lambda_d","beta_lambda_d","alpha_n","beta_n","alpha_t_r","beta_t_r"
2.88308037519517,1.00401437464916,0.841405334622326,1.00375812450698,1,1,1.37912967694053,0.991544190782608
1.0893434169413,0.0123624720409885,0.117554285444243,0.00250650247533385,0,0,0.222225495282513,0.0547793296059536
