"lambda_b","lambda_d","n","t_r"
48.540278753466,0.0901124541174449,3.61851832208773,2.22022336613737
3.27869923802751,0.00578803766306506,0.37504598266068,0.578719882533236
